{
    "player": {
<<<<<<< HEAD
        "pos_x": 7941.265702034762,
        "pos_y": 5837.4261987749915
=======
        "pos_x": 2310.737789527719,
        "pos_y": 2121.5798419799135
>>>>>>> 674e03d7c6efaf7453f4b92c0a0085ef69b5ae29
    },
    "inventory": {
        "money": 10,
        "fishes": [
            "Tiny Bass"
        ],
        "rods": [
            "Basic Rod"
        ],
        "equipped_rod": "Basic Rod"
    }
}